Team 0,12,1,20,33,35
Team 1,15,10,8,46,43
Team 2,20,4,9,30,63
Team 3,20,9,4,61,36
Team 4,13,10,10,64,33
Team 5,18,10,5,42,28
Team 6,17,1,15,32,23
Team 7,10,6,17,84,28
Team 8,17,11,5,45,70
Team 9,14,4,15,43,31
Team 10,18,3,12,79,25
Team 11,17,0,16,43,39
Team 12,13,6,14,42,43
Team 13,12,2,19,43,38
Team 14,10,0,23,47,66
Team 15,17,7,9,36,44
Team 16,15,0,18,48,35
Team 17,19,11,3,52,53
Team 18,18,9,6,36,24
Team 19,15,-1,19,43,42
Team 20,15,-1,19,37,50
Team 21,22,3,8,39,23
Team 22,18,9,6,35,62
Team 23,13,4,16,42,26
Team 24,18,3,12,30,34
Team 25,15,17,1,35,37
Team 26,15,11,7,32,44
Team 27,16,1,16,52,36
Team 28,17,8,8,68,44
Team 29,17,10,6,39,29
Team 30,13,15,5,45,28
Team 31,18,4,11,37,64
Team 32,20,12,1,42,39
Team 33,27,2,4,37,45
Team 34,18,1,14,36,27
Team 35,15,10,8,47,50
Team 36,20,6,7,82,24
Team 37,17,13,3,53,35
Team 38,17,9,7,45,57
Team 39,15,5,13,58,24
Team 40,17,15,1,40,26
Team 41,6,9,18,42,58
Team 42,20,10,3,32,33
Team 43,14,11,8,57,46
Team 44,19,1,13,44,59
Team 45,19,9,5,79,43
Team 46,18,7,8,30,43
Team 47,13,5,15,64,34
Team 48,20,10,3,36,24
Team 49,12,5,16,65,49
Team 50,20,8,5,45,20
Team 51,9,2,22,40,46
Team 52,13,10,10,56,56
Team 53,17,12,4,43,65
Team 54,17,1,15,32,24
Team 55,11,10,12,54,34
Team 56,10,0,23,49,37
Team 57,15,10,8,50,33
Team 58,18,5,10,33,20
Team 59,15,8,10,32,55
Team 60,18,10,5,51,46
Team 61,16,12,5,31,27
Team 62,21,6,6,33,56
Team 63,19,7,7,68,34
Team 64,13,10,10,39,57
Team 65,10,8,15,48,33
Team 66,13,8,12,63,40
Team 67,13,15,5,54,33
Team 68,6,10,17,48,26
Team 69,15,3,15,54,58
Team 70,18,-2,17,46,47
Team 71,10,14,9,42,35
Team 72,17,-3,19,39,59
Team 73,11,8,14,39,32
Team 74,15,10,8,34,48
Team 75,23,0,10,55,34
Team 76,25,1,7,46,63
Team 77,11,0,22,41,55
Team 78,13,8,12,37,30
Team 79,11,7,15,58,37
Team 80,11,13,9,48,23
Team 81,13,8,12,50,41
Team 82,20,11,2,49,49
Team 83,13,15,5,49,37
Team 84,15,5,13,55,37
Team 85,16,-9,26,42,78
Team 86,18,7,8,74,46
Team 87,11,-3,25,32,66
Team 88,21,8,4,50,32
Team 89,10,8,15,42,39
Team 90,16,9,8,49,39
Team 91,22,1,10,42,50
Team 92,21,6,6,50,57
Team 93,15,2,16,36,47
Team 94,12,6,15,47,63
Team 95,13,9,11,30,83
Team 96,7,1,25,56,38
Team 97,20,11,2,47,25
Team 98,18,12,3,51,46
Team 99,14,0,19,65,34
Team 100,19,0,14,50,35
Team 101,17,5,11,41,29
Team 102,12,10,11,33,23
Team 103,18,7,8,47,46
Team 104,16,4,13,40,27
Team 105,17,5,11,41,61
Team 106,17,14,2,44,44
Team 107,10,3,20,48,53
Team 108,16,8,9,36,35
Team 109,20,11,2,43,38
Team 110,13,0,20,71,49
Team 111,8,4,21,39,59
Team 112,14,9,10,65,31
Team 113,17,4,12,45,20
Team 114,12,14,7,40,26
Team 115,19,10,4,55,40
Team 116,18,2,13,43,55
Team 117,6,4,23,36,48
Team 118,17,7,9,52,31
Team 119,12,8,13,45,47
Team 120,12,6,15,30,42
Team 121,22,1,10,60,68
Team 122,24,2,7,39,62
Team 123,19,0,14,56,50
Team 124,19,5,9,43,35
Team 125,17,4,12,45,22
Team 126,18,11,4,62,39
Team 127,13,8,12,41,46
Team 128,16,7,10,30,57
Team 129,16,11,6,46,40
Team 130,18,8,7,69,58
Team 131,10,4,19,61,66
Team 132,18,8,7,51,28
Team 133,12,10,11,64,34
Team 134,22,2,9,37,34
Team 135,18,7,8,39,30
Team 136,18,9,6,64,65
Team 137,19,7,7,30,33
Team 138,21,11,1,44,70
Team 139,11,-2,24,41,45
Team 140,16,7,10,38,46
Team 141,10,5,18,39,58
Team 142,18,10,5,49,45
Team 143,15,1,17,45,24
Team 144,9,9,15,43,56
Team 145,15,5,13,52,44
Team 146,20,9,4,40,46
Team 147,14,7,12,33,46
Team 148,8,4,21,46,24
Team 149,19,13,1,57,62
Team 150,17,8,8,44,25
Team 151,17,5,11,52,51
Team 152,18,0,15,55,22
Team 153,17,0,16,44,56
Team 154,11,10,12,49,28
Team 155,13,12,8,32,27
Team 156,16,3,14,35,51
Team 157,17,6,10,60,58
Team 158,14,-1,20,53,49
Team 159,13,15,5,42,63
Team 160,13,5,15,30,68
Team 161,17,5,11,52,52
Team 162,21,3,9,32,32
Team 163,22,11,0,45,58
Team 164,13,6,14,58,52
Team 165,8,7,18,54,34
Team 166,19,4,10,47,25
Team 167,19,7,7,37,20
Team 168,14,12,7,37,61
Team 169,18,6,9,33,66
Team 170,14,9,10,57,42
Team 171,13,10,10,38,45
Team 172,15,8,10,40,39
Team 173,21,-1,13,72,56
Team 174,17,9,7,77,33
Team 175,27,3,3,31,28
Team 176,18,-1,16,68,56
Team 177,9,7,17,39,40
Team 178,15,0,18,54,48
Team 179,15,3,15,60,28
Team 180,17,6,10,31,34
Team 181,12,8,13,40,38
Team 182,14,0,19,37,58
Team 183,13,14,6,48,44
Team 184,18,7,8,45,58
Team 185,13,9,11,46,56
Team 186,23,7,3,68,52
Team 187,11,-3,25,48,35
Team 188,18,7,8,54,55
Team 189,14,2,17,51,31
Team 190,20,-2,15,34,52
Team 191,19,5,9,39,53
Team 192,11,9,13,49,35
Team 193,14,-1,20,30,55
Team 194,15,3,15,44,40
Team 195,10,5,18,41,27
Team 196,17,1,15,35,25
Team 197,16,8,9,50,31
Team 198,21,5,7,41,46
Team 199,18,7,8,31,22
Team 200,19,6,8,42,42
Team 201,20,5,8,34,41
Team 202,12,9,12,47,23
Team 203,15,7,11,54,23
Team 204,14,8,11,62,37
Team 205,12,12,9,53,43
Team 206,9,8,16,43,32
Team 207,13,16,4,36,45
Team 208,17,9,7,36,44
Team 209,18,4,11,31,46
Team 210,24,8,1,50,25
Team 211,19,12,2,32,47
Team 212,9,7,17,45,28
Team 213,15,3,15,52,40
Team 214,8,11,14,67,22
Team 215,19,11,3,43,31
Team 216,18,7,8,48,39
Team 217,14,4,15,32,21
Team 218,21,10,2,62,20
Team 219,13,10,10,35,53
Team 220,12,13,8,31,47
Team 221,18,3,12,40,45
Team 222,13,5,15,49,52
Team 223,16,9,8,61,35
Team 224,14,2,17,30,52
Team 225,19,7,7,53,58
Team 226,14,10,9,41,29
Team 227,19,4,10,48,45
Team 228,15,12,6,30,47
Team 229,16,-1,18,40,35
Team 230,17,12,4,60,37
Team 231,17,7,9,56,56
Team 232,16,16,1,46,39
Team 233,15,6,12,52,33
Team 234,12,9,12,60,22
Team 235,8,10,15,40,51
Team 236,15,12,6,48,55
Team 237,16,6,11,85,62
Team 238,15,13,5,34,38
Team 239,15,11,7,53,33
Team 240,13,14,6,33,39
Team 241,12,10,11,60,52
Team 242,19,14,0,76,46
Team 243,17,10,6,36,26
Team 244,14,6,13,32,42
Team 245,12,-2,23,46,27
Team 246,13,14,6,54,40
Team 247,20,5,8,60,60
Team 248,20,7,6,39,61
Team 249,20,13,0,59,28
Team 250,12,8,13,34,28
Team 251,16,-1,18,48,41
Team 252,17,0,16,60,60
Team 253,15,2,16,39,48
Team 254,21,3,9,38,32
Team 255,11,12,10,31,39
Team 256,20,10,3,57,58
Team 257,10,15,8,40,64
Team 258,14,11,8,31,25
Team 259,13,16,4,35,30
Team 260,10,-2,25,52,53
Team 261,19,-1,15,58,45
Team 262,16,-1,18,43,48
Team 263,17,12,4,43,62
Team 264,17,0,16,44,44
Team 265,16,16,1,39,41
Team 266,18,7,8,41,34
Team 267,12,3,18,49,46
Team 268,15,9,9,52,33
Team 269,12,12,9,37,34
Team 270,17,9,7,57,67
Team 271,16,2,15,42,33
Team 272,11,11,11,50,40
Team 273,21,4,8,53,60
Team 274,16,3,14,41,32
Team 275,13,4,16,34,36
Team 276,18,-3,18,42,52
Team 277,16,4,13,55,40
Team 278,16,8,9,44,25
Team 279,22,2,9,33,22
Team 280,12,7,14,38,39
Team 281,14,8,11,51,30
Team 282,10,1,22,39,30
Team 283,14,8,11,36,52
Team 284,12,0,21,48,39
Team 285,9,4,20,48,53
Team 286,16,9,8,34,40
Team 287,18,4,11,59,20
Team 288,13,4,16,36,47
Team 289,18,0,15,57,33
Team 290,18,13,2,30,42
Team 291,17,7,9,38,50
Team 292,16,11,6,62,24
Team 293,16,1,16,40,40
Team 294,18,4,11,52,55
Team 295,13,2,18,78,43
Team 296,15,11,7,54,31
Team 297,12,3,18,41,48
Team 298,10,3,20,36,41
Team 299,25,7,1,51,32
Team 300,15,6,12,31,34
Team 301,8,8,17,34,25
Team 302,16,-6,23,45,46
Team 303,16,9,8,40,44
Team 304,15,5,13,33,59
Team 305,12,14,7,57,79
Team 306,13,5,15,39,30
Team 307,13,8,12,37,56
Team 308,8,9,16,35,39
Team 309,12,0,21,33,40
Team 310,23,5,5,49,47
Team 311,20,9,4,36,68
Team 312,11,4,18,49,39
Team 313,18,9,6,30,40
Team 314,15,4,14,39,48
Team 315,18,9,6,41,26
Team 316,20,10,3,51,39
Team 317,23,6,4,50,32
Team 318,25,7,1,50,54
Team 319,17,2,14,55,45
Team 320,18,9,6,59,51
Team 321,20,3,10,30,67
Team 322,21,6,6,44,55
Team 323,19,4,10,38,42
Team 324,18,7,8,33,21
Team 325,11,12,10,53,33
Team 326,22,7,4,44,32
Team 327,16,14,3,36,27
Team 328,19,8,6,48,59
Team 329,11,11,11,45,56
Team 330,14,7,12,55,23
Team 331,23,5,5,35,30
Team 332,21,12,0,50,44
Team 333,20,12,1,33,41
Team 334,10,7,16,65,29
Team 335,15,6,12,62,48
Team 336,14,7,12,35,36
Team 337,14,9,10,62,42
Team 338,16,7,10,69,78
Team 339,16,7,10,34,36
Team 340,20,13,0,38,42
Team 341,16,5,12,45,65
Team 342,22,8,3,59,24
Team 343,23,6,4,36,25
Team 344,18,9,6,49,39
Team 345,14,7,12,43,39
Team 346,12,3,18,53,44
Team 347,12,4,17,46,52
Team 348,15,10,8,64,44
Team 349,16,4,13,38,34
Team 350,16,5,12,61,27
Team 351,12,5,16,38,42
Team 352,10,3,20,45,25
Team 353,11,-1,23,43,61
Team 354,13,8,12,32,34
Team 355,16,4,13,39,44
Team 356,11,7,15,60,28
Team 357,25,8,0,70,30
Team 358,21,6,6,59,40
Team 359,9,3,21,65,28
Team 360,12,5,16,48,42
Team 361,20,7,6,32,58
Team 362,18,12,3,43,54
Team 363,12,7,14,57,62
Team 364,16,11,6,42,46
Team 365,17,8,8,41,21
Team 366,11,13,9,39,48
Team 367,12,10,11,42,55
Team 368,17,4,12,39,53
Team 369,12,7,14,45,61
Team 370,10,9,14,34,33
Team 371,14,3,16,72,37
Team 372,23,7,3,31,66
Team 373,11,4,18,31,41
Team 374,7,9,17,34,54
Team 375,22,-1,12,51,37
Team 376,6,9,18,38,22
Team 377,21,5,7,56,40
Team 378,16,7,10,60,38
Team 379,18,11,4,34,41
Team 380,19,11,3,36,32
Team 381,19,10,4,33,26
Team 382,12,10,11,43,46
Team 383,15,4,14,47,64
Team 384,12,11,10,63,46
Team 385,14,8,11,46,25
Team 386,20,4,9,35,34
Team 387,18,5,10,30,74
Team 388,15,3,15,65,33
Team 389,18,8,7,33,45
Team 390,16,8,9,36,40
Team 391,17,14,2,41,45
Team 392,17,7,9,37,41
Team 393,19,11,3,63,31
Team 394,15,15,3,34,48
Team 395,19,12,2,49,23
Team 396,14,12,7,47,32
Team 397,20,11,2,52,52
Team 398,14,3,16,31,46
Team 399,16,3,14,87,59
Team 400,7,12,14,39,42
Team 401,13,11,9,34,20
Team 402,15,14,4,51,42
Team 403,17,12,4,45,46
Team 404,12,13,8,35,40
Team 405,16,6,11,70,32
Team 406,16,-1,18,34,74
Team 407,24,3,6,35,35
Team 408,17,10,6,42,36
Team 409,19,12,2,33,34
Team 410,15,13,5,51,30
Team 411,19,9,5,52,23
Team 412,16,12,5,33,57
Team 413,14,9,10,61,30
Team 414,22,5,6,62,49
Team 415,17,10,6,41,34
Team 416,26,2,5,35,28
Team 417,14,14,5,56,26
Team 418,24,4,5,67,36
Team 419,17,0,16,32,32
Team 420,8,0,25,41,20
Team 421,15,4,14,35,27
Team 422,12,2,19,37,33
Team 423,11,7,15,40,39
Team 424,11,16,6,40,55
Team 425,11,2,20,46,46
Team 426,18,1,14,32,45
Team 427,14,0,19,64,31
Team 428,12,-3,24,53,27
Team 429,12,9,12,54,65
Team 430,15,5,13,64,39
Team 431,11,2,20,70,30
Team 432,17,15,1,42,53
Team 433,16,3,14,45,72
Team 434,12,7,14,46,46
Team 435,15,4,14,50,41
Team 436,17,0,16,34,54
Team 437,18,7,8,30,57
Team 438,14,4,15,66,43
Team 439,10,6,17,47,36
Team 440,13,7,13,36,23
Team 441,16,5,12,37,61
Team 442,18,-5,20,35,67
Team 443,17,7,9,52,55
Team 444,13,5,15,41,23
Team 445,13,12,8,64,39
Team 446,11,11,11,46,39
Team 447,11,9,13,33,30
Team 448,12,4,17,36,38
Team 449,12,12,9,67,70
Team 450,22,1,10,38,26
Team 451,14,10,9,64,23
Team 452,15,8,10,31,27
Team 453,22,1,10,49,39
Team 454,22,5,6,82,40
Team 455,12,3,18,36,33
Team 456,15,5,13,47,23
Team 457,14,13,6,53,49
Team 458,14,13,6,56,23
Team 459,18,9,6,48,31
Team 460,23,9,1,37,44
Team 461,15,5,13,34,40
Team 462,21,4,8,42,30
Team 463,19,12,2,30,28
Team 464,11,5,17,47,26
Team 465,17,4,12,51,45
Team 466,14,9,10,33,56
Team 467,15,0,18,56,25
Team 468,20,1,12,33,42
Team 469,17,-2,18,31,48
Team 470,9,0,24,30,46
Team 471,14,0,19,36,51
Team 472,15,9,9,44,34
Team 473,20,13,0,36,52
Team 474,20,-5,18,37,44
Team 475,12,9,12,31,36
Team 476,13,8,12,53,41
Team 477,12,10,11,58,57
Team 478,11,2,20,39,38
Team 479,16,6,11,30,45
Team 480,11,2,20,69,31
Team 481,15,2,16,35,42
Team 482,15,11,7,38,32
Team 483,12,8,13,43,29
Team 484,16,6,11,40,62
Team 485,21,5,7,59,38
Team 486,17,0,16,46,38
Team 487,18,5,10,60,33
Team 488,16,2,15,43,44
Team 489,20,-1,14,40,47
Team 490,19,7,7,59,61
Team 491,12,7,14,62,45
Team 492,10,4,19,73,29
Team 493,16,0,17,44,56
Team 494,12,1,20,52,42
Team 495,18,2,13,52,49
Team 496,17,0,16,44,32
Team 497,12,12,9,42,42
Team 498,16,5,12,53,63
Team 499,18,12,3,64,58
Team 500,13,8,12,35,34
Team 501,8,12,13,55,37
Team 502,21,10,2,54,47
Team 503,16,1,16,31,42
Team 504,10,8,15,42,23
Team 505,16,7,10,38,56
Team 506,16,14,3,41,28
Team 507,21,7,5,46,34
Team 508,14,6,13,57,38
Team 509,16,6,11,50,45
Team 510,16,2,15,34,43
Team 511,16,12,5,56,54
Team 512,13,9,11,32,47
Team 513,17,5,11,61,41
Team 514,15,10,8,35,85
Team 515,18,5,10,31,60
Team 516,15,3,15,31,39
Team 517,19,6,8,48,27
Team 518,15,7,11,70,52
Team 519,12,10,11,67,26
Team 520,11,7,15,34,45
Team 521,18,5,10,47,62
Team 522,15,3,15,58,57
Team 523,18,0,15,38,54
Team 524,9,1,23,36,26
Team 525,21,10,2,46,20
Team 526,19,9,5,50,36
Team 527,18,13,2,38,54
Team 528,18,8,7,34,30
Team 529,20,6,7,37,28
Team 530,11,0,22,62,38
Team 531,20,4,9,34,33
Team 532,17,10,6,53,27
Team 533,9,11,13,76,22
Team 534,19,-3,17,36,39
Team 535,16,2,15,41,66
Team 536,23,3,7,37,47
Team 537,18,5,10,34,57
Team 538,25,7,1,39,62
Team 539,19,7,7,36,41
Team 540,16,5,12,35,80
Team 541,11,5,17,37,50
Team 542,15,0,18,44,36
Team 543,15,5,13,43,33
Team 544,21,11,1,56,41
Team 545,13,4,16,44,76
Team 546,18,9,6,61,37
Team 547,17,0,16,49,48
Team 548,20,9,4,33,34
Team 549,10,3,20,56,47
Team 550,9,10,14,36,37
Team 551,17,12,4,48,53
Team 552,13,1,19,35,41
Team 553,20,2,11,39,36
Team 554,17,9,7,30,31
Team 555,18,6,9,59,22
Team 556,12,4,17,31,42
Team 557,22,7,4,65,38
Team 558,13,-3,23,31,39
Team 559,12,10,11,80,33
Team 560,18,7,8,45,58
Team 561,23,5,5,48,65
Team 562,17,3,13,35,48
Team 563,17,3,13,77,48
Team 564,6,4,23,35,27
Team 565,19,10,4,32,31
Team 566,16,11,6,66,32
Team 567,13,14,6,41,41
Team 568,16,5,12,47,36
Team 569,15,3,15,37,67
Team 570,18,0,15,34,49
Team 571,14,7,12,38,60
Team 572,11,13,9,39,45
Team 573,15,8,10,53,30
Team 574,14,5,14,41,26
Team 575,14,7,12,42,25
Team 576,12,13,8,44,70
Team 577,20,9,4,62,33
Team 578,18,12,3,38,37
Team 579,13,3,17,37,32
Team 580,10,0,23,54,43
Team 581,11,8,14,60,21
Team 582,16,0,17,48,52
Team 583,13,5,15,59,61
Team 584,24,-4,13,61,50
Team 585,16,8,9,40,69
Team 586,18,13,2,58,39
Team 587,20,8,5,41,53
Team 588,17,-2,18,33,52
Team 589,11,6,16,54,28
Team 590,18,5,10,31,39
Team 591,20,10,3,55,45
Team 592,10,8,15,50,26
Team 593,13,1,19,45,20
Team 594,9,11,13,70,36
Team 595,13,5,15,52,49
Team 596,17,3,13,47,30
Team 597,19,6,8,31,51
Team 598,15,8,10,55,31
Team 599,20,1,12,54,22
Team 600,12,9,12,43,25
Team 601,12,5,16,30,48
Team 602,10,2,21,45,39
Team 603,9,15,9,35,56
Team 604,16,4,13,37,40
Team 605,17,0,16,43,33
Team 606,13,3,17,39,36
Team 607,15,17,1,57,27
Team 608,15,-1,19,43,38
Team 609,14,3,16,58,45
Team 610,15,9,9,40,45
Team 611,11,13,9,41,30
Team 612,15,15,3,82,56
Team 613,12,4,17,43,38
Team 614,15,8,10,37,54
Team 615,19,13,1,43,77
Team 616,15,15,3,49,25
Team 617,9,2,22,39,55
Team 618,16,1,16,62,32
Team 619,19,3,11,49,54
Team 620,9,12,12,52,77
Team 621,19,6,8,67,51
Team 622,13,11,9,47,26
Team 623,25,5,3,42,37
Team 624,14,13,6,61,40
Team 625,17,6,10,35,66
Team 626,17,-10,26,47,78
Team 627,10,12,11,39,36
Team 628,16,7,10,42,59
Team 629,13,6,14,66,28
Team 630,13,1,19,34,51
Team 631,9,7,17,44,43
Team 632,19,6,8,38,45
Team 633,23,3,7,59,39
Team 634,8,16,9,43,39
Team 635,20,2,11,53,54
Team 636,20,-1,14,47,28
Team 637,19,7,7,36,38
Team 638,21,-5,17,58,58
Team 639,15,4,14,59,44
Team 640,12,11,10,39,38
Team 641,17,10,6,50,57
Team 642,16,9,8,57,22
Team 643,17,11,5,52,71
Team 644,20,3,10,52,43
Team 645,20,7,6,42,41
Team 646,15,4,14,67,32
Team 647,15,7,11,64,52
Team 648,19,1,13,50,63
Team 649,11,5,17,36,45
Team 650,16,11,6,45,37
Team 651,22,7,4,44,24
Team 652,15,0,18,52,40
Team 653,22,6,5,42,37
Team 654,20,6,7,42,40
Team 655,19,3,11,44,43
Team 656,23,7,3,35,22
Team 657,25,-3,11,60,75
Team 658,13,4,16,44,40
Team 659,12,9,12,53,47
Team 660,11,14,8,47,30
Team 661,15,6,12,51,63
Team 662,13,10,10,35,33
Team 663,17,2,14,40,43
Team 664,17,9,7,47,41
Team 665,15,4,14,41,31
Team 666,16,12,5,40,32
Team 667,6,1,26,54,39
Team 668,14,6,13,57,61
Team 669,16,4,13,46,27
Team 670,22,9,2,50,62
Team 671,17,-1,17,45,25
Team 672,13,17,3,48,52
Team 673,17,15,1,31,20
Team 674,19,9,5,61,38
Team 675,16,1,16,37,37
Team 676,16,11,6,55,40
Team 677,17,9,7,37,51
Team 678,12,7,14,50,29
Team 679,17,5,11,45,35
Team 680,15,7,11,33,36
Team 681,6,12,15,39,42
Team 682,14,9,10,39,27
Team 683,16,-2,19,39,24
Team 684,17,8,8,41,38
Team 685,13,6,14,52,43
Team 686,16,8,9,69,36
Team 687,8,1,24,59,29
Team 688,21,8,4,37,49
Team 689,17,14,2,35,21
Team 690,18,8,7,55,40
Team 691,23,4,6,34,41
Team 692,19,8,6,51,32
Team 693,14,0,19,58,57
Team 694,17,6,10,39,21
Team 695,15,-12,30,30,52
Team 696,7,4,22,52,26
Team 697,15,11,7,55,24
Team 698,16,4,13,51,49
Team 699,8,7,18,33,24
Team 700,16,17,0,55,25
Team 701,21,-1,13,44,56
Team 702,16,3,14,78,38
Team 703,12,16,5,53,35
Team 704,14,0,19,48,38
Team 705,15,7,11,70,40
Team 706,10,7,16,45,40
Team 707,18,4,11,44,56
Team 708,16,6,11,36,37
Team 709,14,11,8,47,23
Team 710,8,3,22,41,41
Team 711,8,9,16,51,46
Team 712,12,15,6,39,34
Team 713,12,13,8,34,25
Team 714,23,3,7,37,44
Team 715,21,3,9,43,47
Team 716,17,4,12,52,76
Team 717,11,1,21,49,32
Team 718,14,9,10,35,39
Team 719,14,13,6,52,38
Team 720,12,15,6,35,40
Team 721,13,8,12,31,45
Team 722,20,10,3,38,40
Team 723,19,2,12,54,45
Team 724,12,7,14,67,63
Team 725,16,15,2,42,67
Team 726,18,6,9,37,30
Team 727,16,8,9,31,40
Team 728,19,-3,17,31,40
Team 729,10,9,14,36,49
Team 730,21,9,3,39,32
Team 731,18,6,9,49,24
Team 732,17,1,15,33,32
Team 733,21,12,0,36,45
Team 734,14,4,15,65,63
Team 735,8,5,20,40,28
Team 736,14,1,18,36,43
Team 737,10,9,14,65,40
Team 738,18,8,7,47,45
Team 739,21,2,10,62,46
Team 740,17,3,13,57,71
Team 741,26,7,0,81,32
Team 742,17,9,7,51,42
Team 743,19,0,14,45,45
Team 744,14,8,11,59,45
Team 745,21,-1,13,52,26
Team 746,12,17,4,59,38
Team 747,18,6,9,46,39
Team 748,12,3,18,38,51
Team 749,24,4,5,41,32
Team 750,13,5,15,39,73
Team 751,18,7,8,59,53
Team 752,7,8,18,61,37
Team 753,14,3,16,33,71
Team 754,10,2,21,34,49
Team 755,23,0,10,54,36
Team 756,9,8,16,41,20
Team 757,19,9,5,36,22
Team 758,11,6,16,52,58
Team 759,15,8,10,55,27
Team 760,17,5,11,44,29
Team 761,17,0,16,35,31
Team 762,17,8,8,55,34
Team 763,18,3,12,44,31
Team 764,16,14,3,33,51
Team 765,12,2,19,56,62
Team 766,12,11,10,31,46
Team 767,19,2,12,30,39
Team 768,17,7,9,37,54
Team 769,19,3,11,35,29
Team 770,23,8,2,41,49
Team 771,20,5,8,43,44
Team 772,6,3,24,41,74
Team 773,11,12,10,68,25
Team 774,18,5,10,51,66
Team 775,17,6,10,37,48
Team 776,17,5,11,37,73
Team 777,20,0,13,65,35
Team 778,21,12,0,38,29
Team 779,20,0,13,55,36
Team 780,14,6,13,66,36
Team 781,10,-2,25,61,59
Team 782,13,7,13,34,26
Team 783,12,15,6,37,31
Team 784,16,9,8,44,33
Team 785,19,6,8,42,56
Team 786,12,8,13,46,23
Team 787,10,10,13,39,25
Team 788,15,4,14,31,53
Team 789,16,2,15,44,24
Team 790,7,10,16,42,22
Team 791,15,11,7,49,48
Team 792,10,3,20,67,44
Team 793,6,11,16,50,36
Team 794,8,4,21,38,39
Team 795,16,7,10,35,51
Team 796,17,10,6,42,68
Team 797,12,4,17,52,55
Team 798,9,10,14,48,32
Team 799,17,11,5,45,43
Team 800,19,14,0,30,24
Team 801,13,6,14,38,54
Team 802,20,0,13,64,40
Team 803,21,12,0,45,37
Team 804,8,3,22,45,39
Team 805,18,8,7,40,47
Team 806,15,1,17,35,58
Team 807,19,9,5,45,59
Team 808,19,8,6,38,40
Team 809,17,8,8,49,54
Team 810,22,7,4,51,35
Team 811,17,1,15,67,44
Team 812,19,7,7,55,58
Team 813,19,5,9,43,35
Team 814,14,8,11,52,44
Team 815,17,5,11,46,49
Team 816,13,11,9,34,38
Team 817,15,3,15,35,51
Team 818,16,9,8,32,69
Team 819,19,12,2,81,50
Team 820,17,15,1,46,47
Team 821,13,12,8,45,38
Team 822,19,9,5,48,41
Team 823,11,3,19,42,24
Team 824,12,14,7,67,39
Team 825,17,9,7,63,40
Team 826,20,5,8,43,27
Team 827,12,0,21,38,46
Team 828,21,1,11,56,28
Team 829,14,10,9,58,55
Team 830,16,13,4,48,39
Team 831,15,8,10,44,28
Team 832,18,10,5,33,30
Team 833,14,10,9,54,26
Team 834,22,8,3,32,25
Team 835,17,6,10,41,59
Team 836,15,11,7,45,54
Team 837,14,-2,21,39,28
Team 838,14,12,7,31,70
Team 839,19,11,3,47,34
Team 840,10,-1,24,71,65
Team 841,7,6,20,55,57
Team 842,18,7,8,56,23
Team 843,19,13,1,30,32
Team 844,20,2,11,76,37
Team 845,18,8,7,39,46
Team 846,16,12,5,41,46
Team 847,13,10,10,31,34
Team 848,24,-1,10,41,33
Team 849,20,13,0,34,49
Team 850,12,4,17,42,29
Team 851,27,0,6,58,38
Team 852,15,15,3,70,39
Team 853,20,10,3,54,25
Team 854,11,13,9,49,77
Team 855,6,9,18,37,50
Team 856,16,5,12,43,41
Team 857,22,7,4,47,48
Team 858,12,4,17,42,59
Team 859,10,13,10,57,41
Team 860,16,16,1,50,53
Team 861,16,0,17,52,24
Team 862,22,6,5,40,70
Team 863,17,1,15,40,49
Team 864,9,12,12,40,61
Team 865,18,8,7,45,40
Team 866,17,7,9,44,28
Team 867,17,2,14,33,74
Team 868,6,-1,28,53,37
Team 869,17,6,10,45,40
Team 870,13,7,13,54,26
Team 871,15,7,11,58,61
Team 872,16,7,10,61,53
Team 873,17,10,6,58,45
Team 874,13,0,20,52,29
Team 875,21,2,10,31,48
Team 876,9,7,17,49,36
Team 877,24,5,4,40,24
Team 878,16,0,17,57,57
Team 879,17,8,8,35,47
Team 880,19,3,11,36,36
Team 881,17,5,11,47,30
Team 882,16,-2,19,53,27
Team 883,21,4,8,50,44
Team 884,16,4,13,36,43
Team 885,15,2,16,53,51
Team 886,21,5,7,61,35
Team 887,18,3,12,57,63
Team 888,22,5,6,55,68
Team 889,15,11,7,30,34
Team 890,15,5,13,47,59
Team 891,16,10,7,31,37
Team 892,24,9,0,47,52
Team 893,19,4,10,47,43
Team 894,19,13,1,44,37
Team 895,14,4,15,58,21
Team 896,11,3,19,54,43
Team 897,13,9,11,32,42
Team 898,22,11,0,37,39
Team 899,18,3,12,51,59
Team 900,16,6,11,65,50
Team 901,10,13,10,37,58
Team 902,12,8,13,43,42
Team 903,17,0,16,51,28
Team 904,11,2,20,45,38
Team 905,12,8,13,72,33
Team 906,17,5,11,53,41
Team 907,15,2,16,58,40
Team 908,15,5,13,61,31
Team 909,20,3,10,51,36
Team 910,14,4,15,43,42
Team 911,14,12,7,43,47
Team 912,18,10,5,55,29
Team 913,21,7,5,31,39
Team 914,19,2,12,63,50
Team 915,20,2,11,31,34
Team 916,24,4,5,50,30
Team 917,18,2,13,30,29
Team 918,18,0,15,64,45
Team 919,15,10,8,34,78
Team 920,9,12,12,38,57
Team 921,18,1,14,51,53
Team 922,15,6,12,51,52
Team 923,19,1,13,32,36
Team 924,13,5,15,41,53
Team 925,16,-5,22,54,56
Team 926,17,5,11,44,20
Team 927,10,7,16,33,44
Team 928,14,11,8,59,31
Team 929,21,7,5,44,37
Team 930,14,12,7,44,20
Team 931,20,5,8,53,30
Team 932,24,6,3,35,43
Team 933,19,6,8,41,66
Team 934,14,3,16,65,37
Team 935,11,9,13,42,55
Team 936,10,0,23,62,24
Team 937,18,7,8,54,48
Team 938,10,8,15,69,53
Team 939,21,12,0,55,26
Team 940,8,6,19,42,25
Team 941,10,10,13,73,30
Team 942,16,2,15,33,33
Team 943,13,-2,22,58,32
Team 944,16,5,12,41,55
Team 945,15,12,6,49,52
Team 946,17,-4,20,43,40
Team 947,18,6,9,41,49
Team 948,17,6,10,30,29
Team 949,17,-1,17,52,71
Team 950,21,10,2,49,45
Team 951,22,11,0,40,31
Team 952,20,12,1,64,39
Team 953,12,11,10,56,42
Team 954,20,5,8,71,48
Team 955,13,2,18,34,38
Team 956,9,2,22,60,41
Team 957,20,3,10,38,35
Team 958,12,8,13,35,36
Team 959,15,8,10,36,46
Team 960,18,7,8,44,33
Team 961,16,3,14,34,37
Team 962,15,12,6,48,48
Team 963,16,9,8,61,29
Team 964,15,1,17,34,23
Team 965,18,4,11,44,46
Team 966,15,13,5,37,55
Team 967,19,3,11,37,37
Team 968,24,6,3,55,64
Team 969,17,8,8,46,59
Team 970,20,5,8,34,28
Team 971,16,15,2,54,36
Team 972,17,9,7,35,32
Team 973,20,1,12,30,47
Team 974,21,7,5,33,26
Team 975,21,11,1,54,33
Team 976,20,1,12,34,29
Team 977,19,7,7,36,25
Team 978,15,7,11,49,23
Team 979,16,0,17,52,61
Team 980,15,14,4,39,24
Team 981,24,5,4,53,28
Team 982,14,8,11,47,38
Team 983,11,0,22,46,60
Team 984,15,8,10,37,43
Team 985,16,7,10,74,52
Team 986,12,12,9,46,31
Team 987,19,0,14,35,80
Team 988,19,11,3,48,20
Team 989,16,1,16,38,23
Team 990,14,4,15,65,47
Team 991,17,12,4,40,38
Team 992,17,6,10,65,50
Team 993,20,-1,14,68,48
Team 994,11,10,12,64,40
Team 995,15,7,11,35,57
Team 996,15,2,16,70,46
Team 997,16,5,12,66,36
Team 998,19,6,8,38,71
Team 999,15,7,11,56,34
